{"stats":{"minecraft:mined":{"minecraft:large_fern":3,"minecraft:short_grass":1,"minecraft:spruce_leaves":3,"minecraft:spruce_log":5,"minecraft:sand":1,"minecraft:fern":5},"minecraft:picked_up":{"minecraft:sand":1,"minecraft:spruce_log":5},"minecraft:custom":{"minecraft:jump":93,"minecraft:time_since_rest":6776,"minecraft:damage_taken":116,"minecraft:leave_game":3,"minecraft:crouch_one_cm":565,"minecraft:play_time":6776,"minecraft:sprint_one_cm":7091,"minecraft:time_since_death":6776,"minecraft:walk_one_cm":15874,"minecraft:sneak_time":174,"minecraft:total_world_time":6776,"minecraft:fly_one_cm":12512,"minecraft:fall_one_cm":3108,"minecraft:damage_dealt":85},"minecraft:used":{"minecraft:sand":1,"minecraft:spruce_log":3}},"DataVersion":3700}