{"stats":{"minecraft:dropped":{"minecraft:wheat_seeds":1},"minecraft:mined":{"minecraft:short_grass":8,"minecraft:grass_block":1,"minecraft:oak_log":2,"minecraft:oak_leaves":1},"minecraft:crafted":{"minecraft:oak_planks":8},"minecraft:picked_up":{"minecraft:oak_log":2,"minecraft:wheat_seeds":1,"minecraft:dirt":1},"minecraft:custom":{"minecraft:jump":52,"minecraft:time_since_rest":1601,"minecraft:leave_game":1,"minecraft:deaths":1,"minecraft:crouch_one_cm":56,"minecraft:sprint_one_cm":8263,"minecraft:play_time":2102,"minecraft:time_since_death":1415,"minecraft:walk_one_cm":3106,"minecraft:sneak_time":6,"minecraft:total_world_time":2102,"minecraft:fall_one_cm":267,"minecraft:drop":1,"minecraft:fly_one_cm":5966},"minecraft:used":{"minecraft:dirt":1}},"DataVersion":3700}